{
    "counter": {
        "ACTIVE": 15965,
        "INACTIVE": 5035,
        "INVALID": 0,
        "MALICIOUS": 0,
        "SANE": 0,
        "VALID": 0,
        "total": 21000
    },
    "percentage": {
        "ACTIVE": 76.02380952380952,
        "INACTIVE": 24.034560122201537,
        "INVALID": 0,
        "MALICIOUS": 0,
        "SANE": 0,
        "VALID": 0,
        "total": 100.05836964601106
    }
}