{
    "counter": {
        "ACTIVE": 19649,
        "INACTIVE": 1351,
        "INVALID": 0,
        "MALICIOUS": 0,
        "SANE": 0,
        "VALID": 0,
        "total": 21000
    },
    "percentage": {
        "ACTIVE": 93.56666666666666,
        "INACTIVE": 6.438545489205548,
        "INVALID": 0,
        "MALICIOUS": 0,
        "SANE": 0,
        "VALID": 0,
        "total": 100.00521215587221
    }
}