{
    "counter": {
        "ACTIVE": 15665,
        "INACTIVE": 5335,
        "INVALID": 0,
        "MALICIOUS": 0,
        "SANE": 0,
        "VALID": 0,
        "total": 21000
    },
    "percentage": {
        "ACTIVE": 74.5952380952381,
        "INACTIVE": 25.466609384696167,
        "INVALID": 0,
        "MALICIOUS": 0,
        "SANE": 0,
        "VALID": 0,
        "total": 100.06184747993427
    }
}