{
    "counter": {
        "ACTIVE": 13882,
        "INACTIVE": 7118,
        "INVALID": 0,
        "MALICIOUS": 0,
        "SANE": 0,
        "VALID": 0,
        "total": 21000
    },
    "percentage": {
        "ACTIVE": 66.1047619047619,
        "INACTIVE": 33.89523809523809,
        "INVALID": 0.0,
        "MALICIOUS": 0.0,
        "SANE": 0.0,
        "VALID": 0.0,
        "total": 100.0
    }
}