{
    "counter": {
        "ACTIVE": 15649,
        "INACTIVE": 5351,
        "INVALID": 0,
        "MALICIOUS": 0,
        "SANE": 0,
        "VALID": 0,
        "total": 21000
    },
    "percentage": {
        "ACTIVE": 74.51904761904763,
        "INACTIVE": 25.53323471870974,
        "INVALID": 0,
        "MALICIOUS": 0,
        "SANE": 0,
        "VALID": 0,
        "total": 100.05228233775736
    }
}