{
    "counter": {
        "ACTIVE": 16161,
        "INACTIVE": 4839,
        "INVALID": 0,
        "MALICIOUS": 0,
        "SANE": 0,
        "VALID": 0,
        "total": 21000
    },
    "percentage": {
        "ACTIVE": 76.95714285714286,
        "INACTIVE": 23.09895460403838,
        "INVALID": 0,
        "MALICIOUS": 0,
        "SANE": 0,
        "VALID": 0,
        "total": 100.05609746118124
    }
}