{
    "counter": {
        "ACTIVE": 15981,
        "INACTIVE": 5019,
        "INVALID": 0,
        "MALICIOUS": 0,
        "SANE": 0,
        "VALID": 0,
        "total": 21000
    },
    "percentage": {
        "ACTIVE": 76.1,
        "INACTIVE": 23.905691831388427,
        "INVALID": 0,
        "MALICIOUS": 0,
        "SANE": 0,
        "VALID": 0,
        "total": 100.00569183138842
    }
}