{
    "counter": {
        "ACTIVE": 15863,
        "INACTIVE": 5137,
        "INVALID": 0,
        "MALICIOUS": 0,
        "SANE": 0,
        "VALID": 0,
        "total": 21000
    },
    "percentage": {
        "ACTIVE": 75.53809523809524,
        "INACTIVE": 24.52145687144971,
        "INVALID": 0,
        "MALICIOUS": 0,
        "SANE": 0,
        "VALID": 0,
        "total": 100.05955210954495
    }
}