{
    "counter": {
        "ACTIVE": 13244,
        "INACTIVE": 7756,
        "INVALID": 0,
        "MALICIOUS": 0,
        "SANE": 0,
        "VALID": 0,
        "total": 21000
    },
    "percentage": {
        "ACTIVE": 63.06666666666667,
        "INACTIVE": 36.93333333333333,
        "INVALID": 0.0,
        "MALICIOUS": 0.0,
        "SANE": 0.0,
        "VALID": 0.0,
        "total": 100.0
    }
}