{
    "counter": {
        "ACTIVE": 15072,
        "INACTIVE": 5928,
        "INVALID": 0,
        "MALICIOUS": 0,
        "SANE": 0,
        "VALID": 0,
        "total": 21000
    },
    "percentage": {
        "ACTIVE": 71.77142857142857,
        "INACTIVE": 28.229915710271918,
        "INVALID": 0,
        "MALICIOUS": 0,
        "SANE": 0,
        "VALID": 0,
        "total": 100.00134428170048
    }
}