{
    "counter": {
        "ACTIVE": 16866,
        "INACTIVE": 4134,
        "INVALID": 0,
        "MALICIOUS": 0,
        "SANE": 0,
        "VALID": 0,
        "total": 21000
    },
    "percentage": {
        "ACTIVE": 80.31428571428572,
        "INACTIVE": 19.733638837176,
        "INVALID": 0,
        "MALICIOUS": 0,
        "SANE": 0,
        "VALID": 0,
        "total": 100.04792455146172
    }
}